model,split,images,pred_regions_mean,pred_regions_median,pred_regions_max,score_mean,inference_seconds,macro_hmean,macro_precision,macro_recall,global_hmean,global_precision,global_recall,peak_gpu_memory_gib
v2b,val,404,111.54950495049505,110.0,216,0.6934733309663168,72.81715573370457,0.964775630300588,0.9699784902357819,0.9614470254371662,0.9622382521629333,0.9675152897834778,0.9570184946060181,2.6554884910583496
v2b,test,413,109.53268765133171,108.0,226,0.6951259019588443,12.312926694750786,,,,,,,2.6554884910583496
v5,val,404,106.64108910891089,105.0,216,0.6935305000826864,70.18896353244781,0.9646325462525434,0.9643428598595137,0.9668596137573223,0.9622020721435547,0.9602904319763184,0.9641213417053223,2.6940360069274902
v5,test,413,105.78450363196126,105.0,210,0.6947315271772426,13.808024644851685,,,,,,,2.6940360069274902
