{
  "fold": 3,
  "images": 735,
  "regions_total": 80634,
  "regions_mean": 109.70612244897958,
  "macro_hmean": 0.9329407602903389,
  "macro_precision": 0.9424883400501848,
  "macro_recall": 0.9335827500008199,
  "global_hmean": 0.9368758797645569,
  "global_precision": 0.9423093795776367,
  "global_recall": 0.9315046072006226,
  "runtime_seconds": 133.88066178560257,
  "peak_gpu_memory_gb": 1.3508009910583496,
  "checkpoint": "/data/ephemeral/home/receipt-text-detection/baseline_code/outputs/v11b_fold3/checkpoints/fixed-epoch=8.ckpt"
}
