{
  "fold": 2,
  "images": 736,
  "regions_total": 80773,
  "regions_mean": 109.74592391304348,
  "macro_hmean": 0.9494456935916906,
  "macro_precision": 0.9517322020686191,
  "macro_recall": 0.9509081584856967,
  "global_hmean": 0.9528219699859619,
  "global_precision": 0.9552472233772278,
  "global_recall": 0.950408935546875,
  "runtime_seconds": 132.13758465647697,
  "peak_gpu_memory_gb": 1.3508009910583496,
  "checkpoint": "/data/ephemeral/home/receipt-text-detection/baseline_code/outputs/v11b_fold2/checkpoints/fixed-epoch=8.ckpt"
}
