fold,images,train_source_images,val_source_images,groups,gt_regions_total,gt_regions_mean,small_text_lt12_ratio_mean,short_side_1024_median_mean,aspect_long_short_mean,brightness_mean,contrast_mean,blur_laplacian_mean,megapixels_mean
0,735,654,81,733,86018,117.0312925170068,0.16515037969969235,18.746989606718408,1.5407345383095787,0.5726078680541964,0.18458686741975952,2092.5674109868446,1.126651700680272
1,735,654,81,733,85717,116.621768707483,0.1659074168920206,18.723257124977014,1.53002965232561,0.5687754313615908,0.18988854620696902,2102.9924360774685,1.1352178217687072
2,736,656,80,733,85773,116.53940217391305,0.16330227968710156,18.719943316093776,1.542460048872792,0.5713314276147505,0.1878981184952148,2054.1299828668184,1.1238764769021738
3,735,655,80,733,85913,116.88843537414967,0.17330821495625331,18.715294154929257,1.5570194954710455,0.5690049271473732,0.1900569774455273,2060.97599269726,1.1183792299319728
4,735,653,82,733,85755,116.6734693877551,0.16260523583745093,18.723759209271208,1.5591562368670746,0.5697011024960364,0.19033801620253388,2103.2780045629224,1.11336422585034
